id,target
c0f722661,-1.74386294881257
f0953f0a5,-0.4315513392324797
0df072751,-1.1262750138425095
04caf4e0c,-1.9080592711387618
0e63f8bea,-1.3734812486056178
12537fe78,-0.7208165163202807
965e592c0,0.566122093118619
